TransactionId,Sender,Receiver,TransactionAmount,Date
2919Z6WLFL74,U84U6XWP7ZNM,U84U6XWP7ZNM,853787,15/01/2022
SQCMKTZX3DXG,1RY522LGPJJ0,1RY522LGPJJ0,251664,16/01/2022
ZEU2V4D8YV2F,1HSSY49TTRZN,1HSSY49TTRZN,877348,17/01/2022
69J6RO56JI34,MNZWC2IVGRYJ,MNZWC2IVGRYJ,800510,18/01/2022
WK4VRG26F06U,IL2YWLVD07UI,IL2YWLVD07UI,636851,19/01/2022
6MS2Z84WR1NH,MMW0H65B3W63,MMW0H65B3W63,865752,20/01/2022
TPURORO6QUY0,SNXMD12WPDZ2,SNXMD12WPDZ2,527531,21/01/2022
CF6N7ACD6EGV,1G90BHAY0IQP,1G90BHAY0IQP,267561,22/01/2022
0ED11FQK8A84,UBAT2WZTHNMH,UBAT2WZTHNMH,178381,23/01/2022
BYEU3JPDPOT1,0NO18C3WPVAH,0NO18C3WPVAH,570228,24/01/2022
SQABCOCVPJM0,72IS2FIVX4FP,72IS2FIVX4FP,632772,25/01/2022
JU3NOOIP7GN6,CARU49NK5MN2,CARU49NK5MN2,700375,26/01/2022
7DVR6SSXBCBQ,T0EQGV7NZRK8,T0EQGV7NZRK8,444243,27/01/2022
PGPROB8ZR71O,3W539BUQDRNF,3W539BUQDRNF,121654,28/01/2022
6O69FHCCEXCP,IHWNJ4V7MSGQ,IHWNJ4V7MSGQ,66872,29/01/2022
UKFPYJYATMTW,N5BCU5BWRFUZ,N5BCU5BWRFUZ,61875,30/01/2022
K105OGCE1H6P,VPB1F5WHOQ8I,VPB1F5WHOQ8I,818301,31/01/2022
1PJIQ1FXYWLX,UM6B8DOXG2HY,UM6B8DOXG2HY,786086,01/02/2022
2DHGBMOQMY05,5I65YXVTZA4F,5I65YXVTZA4F,612230,02/02/2022
146AVBPORSYM,0JAOS6BK5QE6,0JAOS6BK5QE6,34220,03/02/2022
48J9QP8JUEKQ,9M4E3A6ZOSJ5,9M4E3A6ZOSJ5,813343,04/02/2022
H4FJFOHKTQJI,XFAZYMJDMQL9,XFAZYMJDMQL9,383560,05/02/2022
XVLXRD5BBGY2,2BYXEEJUJHDR,2BYXEEJUJHDR,82101,06/02/2022
KWXU95MGWQVI,QP7UMW7OCP0B,QP7UMW7OCP0B,574562,07/02/2022
34Z5C8A47VOI,GQNFLPIQ7QF5,GQNFLPIQ7QF5,313532,08/02/2022
2V672SM5MJHV,W4PB29DU55TW,W4PB29DU55TW,885828,09/02/2022
IVGDNR5W6EH5,0DOT37RAJBPE,0DOT37RAJBPE,127857,10/02/2022
BU1EAA01SJLI,TVRXDKXVJSZM,TVRXDKXVJSZM,530126,11/02/2022
VIWVZ2C3VB80,P9K76BZ3KJ22,P9K76BZ3KJ22,770754,12/02/2022
2TVK27RG2X6Z,E2J7G7E7O9FT,E2J7G7E7O9FT,41251,15/01/2022
1P3XP55TRUUK,IHFSQPUFJURT,IHFSQPUFJURT,615802,16/01/2022
GVZXRF21RV0M,EHOTZYB2I15O,EHOTZYB2I15O,521122,17/01/2022
V5NJYV5TZPOL,3UJA0DBJILZ5,3UJA0DBJILZ5,124342,18/01/2022
PQEDIICVAS5W,7BLMK4QCDJ4R,7BLMK4QCDJ4R,413845,19/01/2022
SILHJC7VY7B6,FHOBEGYUH6Q7,FHOBEGYUH6Q7,132132,20/01/2022
RNADMT22GTG4,P39K3S9AKBVW,P39K3S9AKBVW,571180,21/01/2022
ZEO5REQGXF13,JGW6LIZS20YL,JGW6LIZS20YL,656767,22/01/2022
O1GY18U7AN71,0VK2JNN4ZWQ5,0VK2JNN4ZWQ5,55274,23/01/2022
F33DX4CX6GKP,2SSUBSI9UKMP,2SSUBSI9UKMP,348778,24/01/2022
6LHOI8NKST29,U5DZID2EQC75,U5DZID2EQC75,50030,25/01/2022
81R4023A4DNQ,KZ7TAN2ZZ7AR,KZ7TAN2ZZ7AR,224880,26/01/2022
N7ZAH3TPSVHH,2S7W3CYXGY1S,2S7W3CYXGY1S,454620,27/01/2022
JBJKW5BZI67Y,GK2K56BY64ZB,GK2K56BY64ZB,50310,28/01/2022
5KGPF8ZPULFU,YL13VDW33L2E,YL13VDW33L2E,347788,29/01/2022
UYX9DMYI1U7V,L110ZPS6G44L,L110ZPS6G44L,132762,30/01/2022
WGFXGJSX7D0Y,W4LMZDSB8O5T,W4LMZDSB8O5T,412543,31/01/2022
BETXWX2YUAU4,CFT588129J2R,CFT588129J2R,755087,01/02/2022
7DYAF3GKN155,GQQUYGLWQ7QQ,GQQUYGLWQ7QQ,346486,02/02/2022
0JJYIIH8GO6D,09G98FRUPMNP,09G98FRUPMNP,74140,03/02/2022
K0FDQCZ4AM2O,U84U6XWP7ZNM,B2UWPTMM90R0,588885,04/02/2022
5KXLRGW3L5DD,1RY522LGPJJ0,C0FMYY43KGA4,88212,05/02/2022
6T033HEW2C5U,1HSSY49TTRZN,NI3DH99JRT1C,688456,06/02/2022
DQRPL9GQ3V5Q,MNZWC2IVGRYJ,GSTZUEM429P3,85163,07/02/2022
1RIKTM4GZOKX,IL2YWLVD07UI,J5PE299LE0FB,271722,08/02/2022
L6BW212BF63W,MMW0H65B3W63,AWY8K6EZI82H,814183,09/02/2022
KVPO2Q8AVUWK,SNXMD12WPDZ2,LGROE3RWY39T,212363,10/02/2022
SJ731F3GHAGX,1G90BHAY0IQP,4RMM9CVB61RJ,734306,11/02/2022
WEM6MXVF1DV8,UBAT2WZTHNMH,EVX80KCUGPJS,115648,12/02/2022
IUATGSWJ26U2,0NO18C3WPVAH,ZUOJVVQ23AD8,102072,14/03/2022
HIVLVTIUEFR6,72IS2FIVX4FP,D2E7QXNPTUUC,851515,15/03/2022
8JCR93LYJDL7,CARU49NK5MN2,4FYWNYRPPLWR,226516,16/03/2022
8AKZGX1VM0N5,T0EQGV7NZRK8,2V0FN6RGPBEM,687615,17/03/2022
ZA1T2I5C8RLE,3W539BUQDRNF,E4E3BLNV6P5P,356171,18/03/2022
GT2EK39JD79B,IHWNJ4V7MSGQ,1D42E3WIN685,885135,19/03/2022
TIY5B4NG6PXR,N5BCU5BWRFUZ,PBGCMPLSSBWM,16638,20/03/2022
R6NF7IYY77WR,VPB1F5WHOQ8I,S0U4IV4A4A0Q,524002,21/03/2022
L0QIN5L1MWHR,UM6B8DOXG2HY,K0Z8U23EKP8A,271017,22/03/2022
K0ZTGQT6AR75,5I65YXVTZA4F,14IDNFYPGY1U,274170,23/03/2022
3H070BNNAPAZ,0JAOS6BK5QE6,KF0Y23D5UMU5,322117,24/03/2022
VW7QZUR556O6,9M4E3A6ZOSJ5,YLCNJM698EBM,540774,25/03/2022
0GRKPRO1VIAH,XFAZYMJDMQL9,BX6QEIIVQC90,200877,26/03/2022
O0UY7MIRRXO8,2BYXEEJUJHDR,2VR8ZSCA3Q4L,502434,27/03/2022
FNY11UUL0XFH,QP7UMW7OCP0B,4CHZJ60BX2I8,443450,28/03/2022
1U3N51RVUCS9,GQNFLPIQ7QF5,26KBP3OCG02M,163575,29/03/2022
C8U5QGPOIQOX,W4PB29DU55TW,EE2K9G2M2740,510606,30/03/2022
TX5D4F8JEDAA,0DOT37RAJBPE,GQS78ZPLFOAB,317725,31/03/2022
7Z5M0CADYJQW,TVRXDKXVJSZM,EGPCYHS389BU,861548,01/04/2022
ZCT0QNOO0RML,P9K76BZ3KJ22,1RP3KCY71RID,865355,02/04/2022
2M6T3EHWVZ9G,E2J7G7E7O9FT,9228N2HSZQ3Q,667545,03/04/2022
5IBHL0POKMH6,IHFSQPUFJURT,D6I4XS2TQD5H,623436,04/04/2022
UXNEM9NCF6Z5,EHOTZYB2I15O,PR63SQLM0IAL,884422,05/04/2022
B1UNX3ZHYQS7,3UJA0DBJILZ5,37NGCNUA8WED,175085,06/04/2022
9O0B5C824SKM,7BLMK4QCDJ4R,YTFGZSRZXPS4,285278,07/04/2022
366XL0ING07Q,FHOBEGYUH6Q7,8LZJDDVT5JNN,681703,15/01/2022
1MC53Z9R7HDQ,P39K3S9AKBVW,RKV8052JDWSU,551626,16/01/2022
OU81W3XEEXNR,JGW6LIZS20YL,KJW4Y62SN78T,842140,17/01/2022
L2LYZMG5H6D8,0VK2JNN4ZWQ5,658NGXF2MJHG,406288,18/01/2022
D0TRBG47IX1V,2SSUBSI9UKMP,6EJT7YD9X09Q,505052,19/01/2022
BBTO2QDLUOKD,U5DZID2EQC75,QY2I5IIFEU68,560871,20/01/2022
HHDSEM11S08K,KZ7TAN2ZZ7AR,MMTSHN252T9Z,507782,21/01/2022
BYJXHXFDFOGJ,2S7W3CYXGY1S,O7GP8R2OUBF9,717710,22/01/2022
ZLR0SPNHJBMB,GK2K56BY64ZB,LVVNSS51SUU6,545151,23/01/2022
C9JULY9CK156,YL13VDW33L2E,1P1IIKOH9FRJ,868225,24/01/2022
5F2J7V4G96FR,L110ZPS6G44L,XE33BBQWJU49,731083,25/01/2022
P8PGE0Z46KZF,W4LMZDSB8O5T,ZJOZ6UV5ARSV,306554,26/01/2022
U3IMMUNOUG7Y,CFT588129J2R,3OSDOMMBPGHG,722758,27/01/2022
6RLWQ8Z5AFJ1,GQQUYGLWQ7QQ,T557KXCKPF0W,560577,28/01/2022
9I1E1JXV5P2E,09G98FRUPMNP,A7GFAVVY004A,507280,29/01/2022
44ML9H6B467B,H9ISWNW2V6ON,H9ISWNW2V6ON,774288,30/01/2022
WB4T7ZCRAB8I,U84U6XWP7ZNM,43H2RM55CVPO,260758,31/01/2022
WRKQS3OKE8HZ,1RY522LGPJJ0,KFBLWZUL41TQ,827272,01/02/2022
V71TTCLXM1PW,1HSSY49TTRZN,DL2NG867KDF3,612540,02/02/2022
PVOFXRBDU8J2,MNZWC2IVGRYJ,VBACF7HDK2UG,457446,03/02/2022
RDRU2OCQA1WZ,IL2YWLVD07UI,2IH6EDDSUKXK,774280,04/02/2022
AN4V54B48313,MMW0H65B3W63,EL2K0H25E37M,466603,05/02/2022
DT583GQOLPAD,SNXMD12WPDZ2,7QW51AVLRX2F,20740,06/02/2022
TSXM1KUZYNEE,1G90BHAY0IQP,3332ML6P1B7L,352472,07/02/2022
2SDSVJ5Q4TVE,UBAT2WZTHNMH,EEEZZL29QXIN,152502,08/02/2022
J8X9ZWVVS1S2,0NO18C3WPVAH,QA2V8DNREWHX,502881,09/02/2022
J64AQBVOGJNP,72IS2FIVX4FP,T06SSI2EC9FZ,706444,10/02/2022
M23I6JPQT3H2,CARU49NK5MN2,5NMG91S4T1OB,550287,11/02/2022
AMTBAO1CY9FD,T0EQGV7NZRK8,L20MMV1MMQLV,377811,12/02/2022
VZJTA70ZIAT2,3W539BUQDRNF,LG3USI56JHDX,668075,07/05/2022
UK2K5P7AA8HL,IHWNJ4V7MSGQ,1L0PL03UI31B,534258,08/05/2022
1R7W12CBPLAE,N5BCU5BWRFUZ,FVI5BFNA81YB,644032,09/05/2022
7BA8YKS79L7Q,VPB1F5WHOQ8I,GG4FSFWHVT46,521630,10/05/2022
C3TXZ41Q7H9Y,UM6B8DOXG2HY,Y5N8N0ZFB2BZ,557786,11/05/2022
1J9WERJXZYJ3,5I65YXVTZA4F,TJQ6Q43MA5ZT,75057,12/05/2022
11SYSN29WQCD,0JAOS6BK5QE6,L08JEJSIUN8W,348010,13/05/2022
M1YN20QNA856,9M4E3A6ZOSJ5,DB2B7401TPW2,102210,14/05/2022
6TC86OP9OXWN,XFAZYMJDMQL9,6S5UO2LYSXIP,482058,15/05/2022
TFH0EA70PQKT,2BYXEEJUJHDR,E61CGJPUJU91,16486,16/05/2022
3BHGD1OYWX9J,QP7UMW7OCP0B,J1JIBDBTAKVY,187342,17/05/2022
V7LD0BXKGXF2,GQNFLPIQ7QF5,BJ93FVPNWQ8B,36850,18/05/2022
YRBW5F6QGPQP,W4PB29DU55TW,V9YKN9E9MGSE,37072,19/05/2022
ACCSBC4HQ3SR,0DOT37RAJBPE,YHL96585FICC,472884,20/05/2022
VULQZQR6HTZU,TVRXDKXVJSZM,YP16QLLIB252,650675,21/05/2022
OLGUPIFPPRYN,P9K76BZ3KJ22,3FHGYY76SFFY,332753,22/05/2022
6C9FEZ3W7B6R,E2J7G7E7O9FT,F6PQCW9HAZ77,536452,23/05/2022
A1L4V8BH5TKP,IHFSQPUFJURT,97JO1ML6B61R,313063,24/05/2022
K84TVR1XDBQO,EHOTZYB2I15O,54300IB7TV92,115022,25/05/2022
6YWT10XTU2DO,3UJA0DBJILZ5,HVAUZ5C69KCQ,174530,26/05/2022
3LS0V96ZZL8Y,7BLMK4QCDJ4R,XCPHBOKM6F52,752274,27/05/2022
JODWQMH6VN5D,FHOBEGYUH6Q7,4IFWIE08HVH1,536513,28/05/2022
WAHSG3EBNA91,P39K3S9AKBVW,0U1V50F0YG7Q,552431,29/05/2022
8CG0LPNX1FKT,JGW6LIZS20YL,J4U5H0TFQ1PA,303676,30/05/2022
1RKKSD74F43S,0VK2JNN4ZWQ5,UHM8N2FTBACV,357486,31/05/2022
51Z5B14YXQ4Z,2SSUBSI9UKMP,HRD7GC58S3MV,626681,01/06/2022
QGHHZJ91WJ2T,U5DZID2EQC75,4H2OCV3UL8PE,473282,02/06/2022
NL7Q0EIQSZGE,KZ7TAN2ZZ7AR,Q0EAQAX6OCLE,224074,03/06/2022
QX1SXJ8TPGGS,2S7W3CYXGY1S,IR1XAAEJY580,626071,04/06/2022
RCZVVENVM6LN,GK2K56BY64ZB,ICHDOJELGWEI,241753,05/06/2022
BBDD5Q8SH8YW,YL13VDW33L2E,FLOCJYFT3UKE,776354,06/06/2022
GMVBD4JU0Y9I,L110ZPS6G44L,N47XZFAP4JWG,863130,07/06/2022
NMVFE7QPO7LS,W4LMZDSB8O5T,8B9QYHHQFOEO,707566,08/06/2022
CLWHM1XZLHOG,CFT588129J2R,RHD1AZNYC4MC,277742,09/06/2022
I5I4S5LUJ8MG,GQQUYGLWQ7QQ,CG7SAQVP2FJW,400645,10/06/2022
6BK1AAJ2KY7C,09G98FRUPMNP,C54J4192RWB9,111184,11/06/2022
ZHHEV1Z1QQFP,U84U6XWP7ZNM,5RDZCVDFXEY9,701500,12/06/2022
EEXWQ2XDG39I,1RY522LGPJJ0,3DSVU6UVP9IY,56558,13/06/2022
YRH8O3MEU8PU,1HSSY49TTRZN,2Q9DGR7VHZIY,142578,14/06/2022
AI4I61O6LSZW,MNZWC2IVGRYJ,A6EV41ID17VE,331880,15/06/2022
6XA2VUL0O9TI,IL2YWLVD07UI,EUB3FW5G5M48,32102,16/06/2022
OAWW8M2IZZNZ,MMW0H65B3W63,JNWTE31Z14XA,814757,17/06/2022
AXMXJTYDVR6R,SNXMD12WPDZ2,OPLPM994X8V4,358774,18/06/2022
HP2Y913RKOHU,1G90BHAY0IQP,XOPMAQEXNYRO,285514,19/06/2022
YCXS04D6VZT7,UBAT2WZTHNMH,Y0UIDOZA2DRE,165481,20/06/2022
WKPKI03ZOKBM,0NO18C3WPVAH,MFCET4O25EWS,173256,21/06/2022
NL450BJ9AIJB,72IS2FIVX4FP,MX3BWNT22S8Q,104515,22/06/2022
ARKBCB2BSW2P,CARU49NK5MN2,U8U9ACGV2QS4,145248,23/06/2022
EDH0EPG6J4LI,T0EQGV7NZRK8,0P1IT91VMOKY,215336,24/06/2022
GVEBZMMN7IFE,3W539BUQDRNF,J9PS1EEC5G7F,302161,25/06/2022
UYX5OC4GVRDU,IHWNJ4V7MSGQ,WIBYHSX0K0YD,723131,26/06/2022
C79D77D307AO,N5BCU5BWRFUZ,0UJZFD44XG4T,22087,27/06/2022
ZI9NWNKWCQZJ,VPB1F5WHOQ8I,61PQQDDSDV00,158776,28/06/2022
QUSBYMCP7UI3,UM6B8DOXG2HY,KBHXFU8YF0J8,858268,29/06/2022
WX62L11P9RSS,5I65YXVTZA4F,0D2U9JUL7IQV,184137,30/06/2022
GEKE6A1E7V53,0JAOS6BK5QE6,XZIAULOZ15RS,18416,01/07/2022
GMGSI8ID6IOR,9M4E3A6ZOSJ5,9PZB277ART6Q,63744,02/07/2022
C3X964PWT937,XFAZYMJDMQL9,17XNRCR1POSE,164070,03/07/2022
0JXPR62CPGIG,2BYXEEJUJHDR,HT28PYOE9QGT,471880,04/07/2022
5KXLXJ3SYY9S,QP7UMW7OCP0B,043L3CKY39X8,312440,05/07/2022
R5G4NHCBU32H,GQNFLPIQ7QF5,A8XIH56SW0NQ,784252,06/07/2022
62805CVFIPFF,W4PB29DU55TW,VMXOKO0HNSMC,201270,07/07/2022
MC4AQHVEIWO2,0DOT37RAJBPE,1VO39EGXZYVN,805074,08/07/2022
WUEGB6OJG7H7,TVRXDKXVJSZM,2J8EYV6N3YLB,12347,09/07/2022
AOADJ2RX0O5H,P9K76BZ3KJ22,QCZ9NA72JKT3,652888,10/07/2022
ZL6UR37WVBIF,E2J7G7E7O9FT,CWWQMVC5UDXM,220884,11/07/2022
PQPS88CZ9KXF,IHFSQPUFJURT,328BIEZTR423,100358,12/07/2022
DM19188O9DVG,EHOTZYB2I15O,PE37WQI4PXS7,483152,13/07/2022
UCT2K3HCR8VM,3UJA0DBJILZ5,3ENYTT1RLMYS,214602,14/07/2022
OY79HBQ76SI5,7BLMK4QCDJ4R,AAE4P0U465UE,818750,15/07/2022
3KFYD4K9ADM7,FHOBEGYUH6Q7,Q8Q75QWYC1OW,112522,16/07/2022
3SDQHDPOQ2N5,P39K3S9AKBVW,HQVML70VO9QU,388863,17/07/2022
GHX39CRN2D40,JGW6LIZS20YL,AFM0ZTKR156T,123200,18/07/2022
XXDRKFH5BCNM,0VK2JNN4ZWQ5,KZS8U7HFHVY9,162127,19/07/2022
GK7NYR6TLR58,2SSUBSI9UKMP,DCATOMP0LQJ6,3822,20/07/2022
FQ0AF32YZHQP,U5DZID2EQC75,0NL84XIK3SCZ,20045,21/07/2022
EY5YL1YXLDZ9,KZ7TAN2ZZ7AR,9XG6J0BJQ3JH,570286,22/07/2022
3XERB5NFNNAV,2S7W3CYXGY1S,N1CQ3MAKGCHD,280431,23/07/2022
P3IJDRRP5L0H,GK2K56BY64ZB,6NKMSPPIBDDK,384214,24/07/2022
SX7JNYQRIPAX,YL13VDW33L2E,SF0933RTZ7N5,21880,25/07/2022
CL7V32KZNN8Y,L110ZPS6G44L,4LFT8USN7MHV,740270,26/07/2022
PY7KA01HM3BB,W4LMZDSB8O5T,8V7KCSOYUOZT,465722,27/07/2022
DZB7CHMJA79Z,CFT588129J2R,SJ4BGWSX593D,730382,28/07/2022
FK28ARYPCBUG,GQQUYGLWQ7QQ,GAMGWX8RWNVX,538418,29/07/2022
0PGX8VTWLQEH,09G98FRUPMNP,WBBR0WNDSKDV,200604,30/07/2022
78JLRDBESB7W,U84U6XWP7ZNM,PL27WWFH95KW,343187,31/07/2022
TO464W232RKI,1RY522LGPJJ0,QRE3J3E7JTJH,143844,01/08/2022
P4OFIUV7Q7MW,1HSSY49TTRZN,OP1ENERSPJFK,543676,02/08/2022
4V5N4E8G0PPF,MNZWC2IVGRYJ,CTKADOREOEKP,177488,03/08/2022
PMVZA2X8TWUT,IL2YWLVD07UI,9X7BIFA2JRST,314284,04/08/2022
F0HM14VG8V8S,MMW0H65B3W63,1G8M9WIK6QHB,140316,05/08/2022
8DMLQCG5B22B,SNXMD12WPDZ2,A6MQPMRF8IH8,488730,06/08/2022
T28MHVWS90TG,1G90BHAY0IQP,IK1ZA0IZNT0M,727436,07/08/2022
23XPZP51RWBK,UBAT2WZTHNMH,XX6HG7H54A28,42145,08/08/2022
5KM3NCL1TZ3Y,0NO18C3WPVAH,8NWC2RKZSHJV,807077,09/08/2022
FS3VI9YW1LN2,72IS2FIVX4FP,FKVO2QK5K6JR,3706,10/08/2022
9ADRR5XS1AWB,CARU49NK5MN2,V5PFGD0EXY0T,833032,11/08/2022
NT4IA3TPL4GF,T0EQGV7NZRK8,BDZRSP8SOFEN,564307,12/08/2022
WSOATFU0029P,3W539BUQDRNF,4CJYI5UPDR46,512511,13/08/2022
H75W0MUHB3PY,IHWNJ4V7MSGQ,RYEF20OJGJ2M,10058,14/08/2022
ERUCP0GTTZJ5,N5BCU5BWRFUZ,57AFNKCUV9HO,8848,15/08/2022
QM3NUEDJ3ZOO,VPB1F5WHOQ8I,GKXROK4EAE4C,436624,16/08/2022
UR3WJ847GYUP,UM6B8DOXG2HY,ULMULT7RRYMP,710570,17/08/2022
7DARMKHLCUB1,5I65YXVTZA4F,HMQIAYOXQQ1V,232011,15/01/2022
749LR22MSZII,0JAOS6BK5QE6,W5HP4DJRRSAD,783721,16/01/2022
RT5X0VZQFD3K,9M4E3A6ZOSJ5,73166G2M2X3N,335031,17/01/2022
IVW1NG4KN6GZ,XFAZYMJDMQL9,BJMHR5LNGZTD,812457,18/01/2022
YWA3RK309C9Z,2BYXEEJUJHDR,UMB8UWC1KAE1,727665,19/01/2022
T4F58HX4MZQZ,QP7UMW7OCP0B,RRZ81ISA6ZY1,651854,20/01/2022
PNW6VWXXY0RO,GQNFLPIQ7QF5,TKKHF2J6RLHU,712014,21/01/2022
WMWDXYZHULDT,W4PB29DU55TW,2HYA5MUCQZYU,477577,22/01/2022
VIGSZFXNJFCO,0DOT37RAJBPE,OLRNDJTBS77E,371524,23/01/2022
VO5H1AIPTR9K,TVRXDKXVJSZM,KSZIYV6ZTJI9,324516,24/01/2022
2UJVV7XKD4OP,P9K76BZ3KJ22,WTPK3CYKL14L,556775,25/01/2022
RVUEXHNY91KG,E2J7G7E7O9FT,WA983BCYIQMG,634157,26/01/2022
XTW5I07DSPZF,IHFSQPUFJURT,UIUAWJUSLK9D,773715,27/01/2022
VU1GX89YYUMG,EHOTZYB2I15O,OT0B9KUJCXVO,235072,28/01/2022
95CDWQGXQ37Z,3UJA0DBJILZ5,4M98ZR3XBQCK,811146,29/01/2022
4F29YDUYIS16,7BLMK4QCDJ4R,V26AM584GAMO,734763,30/01/2022
Y3QXWESM7SNT,FHOBEGYUH6Q7,J8SYLOFW4O1U,286138,31/01/2022
KVO38080LV3J,P39K3S9AKBVW,GAHZTYZ1L2JT,184220,01/02/2022
XBCXMLQ022OF,JGW6LIZS20YL,2KL2ZNAGK30F,674733,02/02/2022
N66197PN0RIL,0VK2JNN4ZWQ5,BKDDLDQD3ROW,820488,03/02/2022
3PNBGZSED2KW,2SSUBSI9UKMP,B6TPFU3V938G,576514,04/02/2022
RCW6WENA1SBC,U5DZID2EQC75,YQW8BSTBSMN9,38027,05/02/2022
DI5DSIH81NK5,KZ7TAN2ZZ7AR,ZYOBBQ7CQ112,78647,06/02/2022
K51GIAOZGIM2,2S7W3CYXGY1S,6EABSU8KQKG0,715065,07/02/2022
JJ1TED7TYI6Z,GK2K56BY64ZB,MW1C6AN38ONE,166283,08/02/2022
ZK3MSJQTJ9D6,YL13VDW33L2E,C72WPWX7IOQY,8453,09/02/2022
NHIUF5KDP63T,L110ZPS6G44L,H5XM3LY2UC4R,644660,10/02/2022
3UGEP0YF2CRU,W4LMZDSB8O5T,W6GPPZ8TN9EA,843024,11/02/2022
FDFOXC30FF19,CFT588129J2R,HKQ5HVCC890E,48063,12/02/2022
V9FQOBVWGLV3,GQQUYGLWQ7QQ,M9V84933VIC2,476778,16/09/2022
C72UEUMLYACS,09G98FRUPMNP,7408U1U0LLL8,523555,17/09/2022
C2RUK59Y5K4K,U84U6XWP7ZNM,QJWQSEZ27VGW,731601,18/09/2022
TMJZPV00VQ1Q,1RY522LGPJJ0,XFLPNCF4PQD3,4211,19/09/2022
8I502LCMRJ04,1HSSY49TTRZN,Q4TND7RNW1YB,725415,20/09/2022
QTC7YBHA95M0,MNZWC2IVGRYJ,8ZXB11EUTXJ2,562528,21/09/2022
C6172BHFVJNZ,IL2YWLVD07UI,L6V291U8CEYH,586366,22/09/2022
X4TCDW4EACPT,MMW0H65B3W63,P938UCAAUUMT,60570,23/09/2022
K03H5W79K4EL,SNXMD12WPDZ2,0J79VWPBDFTV,457650,24/09/2022
3SHCML0JMIKK,1G90BHAY0IQP,T8MKZOI2ORSW,627608,25/09/2022
QXGV4GZ31PAI,UBAT2WZTHNMH,O2OECPTHDFH1,25622,26/09/2022
9VQ55AY5KAL2,0NO18C3WPVAH,QF0QIAHLZTMI,766853,27/09/2022
TCXNWEFCZ2QW,72IS2FIVX4FP,NAZYTG1VOBIE,860444,28/09/2022
KNF5S5CSFVS7,CARU49NK5MN2,G2D2VDTATA1Y,817233,15/01/2022
S5TD3N5ENC14,T0EQGV7NZRK8,HVNVYNBLE2GV,627846,16/01/2022
C7IHHQCIUXLL,3W539BUQDRNF,4A4II9EKO5RK,745303,17/01/2022
4DNHI8LWB7UN,IHWNJ4V7MSGQ,WDJHSPVYA6L9,320443,18/01/2022
66FXQQTQ7Z3O,N5BCU5BWRFUZ,X3C589FX7MSV,288135,19/01/2022
W8LUYAQKZGG4,VPB1F5WHOQ8I,6ASHS6RKHTZ9,112764,20/01/2022
3HMYEW6MMM6T,UM6B8DOXG2HY,N0VMWVQ65H7G,630358,21/01/2022
HWPWBP3N080H,5I65YXVTZA4F,MURXJGZEOVN0,386163,22/01/2022
SQVUTUVVRQL7,0JAOS6BK5QE6,MWBJZYJ4EDTX,788676,23/01/2022
0YYUHC97NU5J,9M4E3A6ZOSJ5,GH8SX0CFTIYX,363008,24/01/2022
JD0AVUJLQGAP,XFAZYMJDMQL9,KXURHYGMNXS1,142106,25/01/2022
G7TBM2ZJEFDH,2BYXEEJUJHDR,CRB1MPDQ6EGC,36270,26/01/2022
UTLVVPZD8XRA,QP7UMW7OCP0B,N5ZOS6BSZFHH,436773,27/01/2022
G3N665139EEZ,GQNFLPIQ7QF5,2OMDIDJGZG4S,537238,28/01/2022
C5EB3I6O4P1C,W4PB29DU55TW,W46JP586Y716,100383,29/01/2022
W8VUA4NPMKK6,0DOT37RAJBPE,CAZTYS15PTNC,341252,30/01/2022
OBRH0E4TA50P,TVRXDKXVJSZM,Z8J1JY7EJ7EV,400156,31/01/2022
YFSFZOLB7RAC,P9K76BZ3KJ22,IIMGQ06P9OXC,471143,01/02/2022
XWZY9FFW8G34,E2J7G7E7O9FT,KOMROL76HXWI,838415,02/02/2022
RZ88EARYMRNA,IHFSQPUFJURT,PZN5FUN03S61,876776,03/02/2022
TUZ9B9U8MH6E,EHOTZYB2I15O,YON07MADWM5E,542227,04/02/2022
J5AEKCKX2VA9,3UJA0DBJILZ5,3ERMURLDDI7R,774578,05/02/2022
GQDTSHGOEYEI,7BLMK4QCDJ4R,EBZITE656HBP,187246,06/02/2022
0CFPT2BD0KRH,FHOBEGYUH6Q7,6HL29OR4G247,450500,07/02/2022
A203N467FN6H,P39K3S9AKBVW,FQGWBI06BG9Q,103777,08/02/2022
AZYQZ13JSCBL,JGW6LIZS20YL,VQ689S0UTYMI,256044,09/02/2022
4H9LDGYJT1GZ,0VK2JNN4ZWQ5,LZR1LT5ZDDNG,160782,10/02/2022
ECRYFRUO7I0G,2SSUBSI9UKMP,K92KKR96JAPQ,870447,11/02/2022
7AA1ANA7RO0S,U5DZID2EQC75,PLMNGESBS1FQ,321131,12/02/2022
7BIFLYGES16F,KZ7TAN2ZZ7AR,4PG4NPHOORHA,373637,28/10/2022
9GLDTSP4WA9Q,2S7W3CYXGY1S,6N65BJT69X89,635114,29/10/2022
KYE6YV9JP49H,GK2K56BY64ZB,QD7TG77WASYN,572617,30/10/2022
TTTTC002L5KI,YL13VDW33L2E,6Y2OQAP21T61,550422,31/10/2022
DFI5NFLD72QN,L110ZPS6G44L,TB25ALOCYKFN,675088,01/11/2022
ZD90C0U4X443,W4LMZDSB8O5T,3AOQHU4P1SB2,802031,02/11/2022
XU8XW8CYDATH,CFT588129J2R,32BBIEB8LL86,566838,03/11/2022
S5T1GYSMSYLU,GQQUYGLWQ7QQ,7HKQUBO1KSHO,151007,04/11/2022
9ACECZSTIPM9,09G98FRUPMNP,KCI2A6TJ8IEA,840533,05/11/2022
NOF76ADXRPNR,U84U6XWP7ZNM,R2D26W4YMLA4,183622,06/11/2022
DAWHZ70AUCRB,1RY522LGPJJ0,OXZJ8AQ8A1BK,223826,07/11/2022
23MEXCO9FS35,1HSSY49TTRZN,LSQKG3GM9ES0,221382,08/11/2022
YOX4JNCSQRGR,MNZWC2IVGRYJ,H99LEFGLWLN1,170867,09/11/2022
A52WP1QM89SB,IL2YWLVD07UI,8N4CBKFMZPKO,743816,10/11/2022
O33OA6XMO0VQ,MMW0H65B3W63,A8E309FN78FO,24134,11/11/2022
YQ63Z6XQQ91S,SNXMD12WPDZ2,IPHB6YSJV9WL,170121,12/11/2022
RALE90OJMK2Y,1G90BHAY0IQP,SH6X8KQFTAAL,805482,13/11/2022
U56LC5SF09T2,UBAT2WZTHNMH,I7FFZD053SSA,210511,14/11/2022
ORHVKJI2DH0G,0NO18C3WPVAH,0D5D4GS55HRW,303288,15/11/2022
DKHAO2BZIK61,72IS2FIVX4FP,M1O0MJIDK79X,556030,16/11/2022
VGYOCHZZUYLU,CARU49NK5MN2,GCXLBCGL1JOJ,738160,17/11/2022
NOBVCV4OZPIP,T0EQGV7NZRK8,8L0XQ6Q8VFRI,723546,18/11/2022
UCFW4CH8HDZP,3W539BUQDRNF,0M1R05KTR4SL,688467,19/11/2022
IM0YI0DP3GO3,IHWNJ4V7MSGQ,KEUN17DJ5W19,717488,20/11/2022
8IN9FZ2D96HQ,N5BCU5BWRFUZ,UH5E2BTM843C,235833,21/11/2022
BHVMIWK671YC,VPB1F5WHOQ8I,UKTQQP8DAASA,750344,22/11/2022
OG95GBZAF2QL,UM6B8DOXG2HY,LD1IFY8LYOTL,10006,23/11/2022
VK20W7WFDVGY,5I65YXVTZA4F,Z593VSIKA7NS,160811,24/11/2022
SF07MY9EEFOP,0JAOS6BK5QE6,PCGBG2GO01KC,345446,25/11/2022
MOEKIKV9K94H,9M4E3A6ZOSJ5,4FRDJP0EMMCM,442546,26/11/2022
3VGWC9LVE416,XFAZYMJDMQL9,1G5TMMCGZ5YV,738486,27/11/2022
9F19W6MBSLD8,2BYXEEJUJHDR,LKKKSJL4VWEI,583442,28/11/2022
FK0RPXB37BVF,QP7UMW7OCP0B,F0Q6H4IKPH1F,470657,29/11/2022
O680H2B5H6ZY,GQNFLPIQ7QF5,0YSAQGGSJ0VT,708706,30/11/2022
W43M0L0JTYG2,W4PB29DU55TW,Y1OYPHYRVAUA,524543,01/12/2022
XSJT334NUKD1,0DOT37RAJBPE,2JNMQNVPTBHC,806171,02/12/2022
R08ELFMR22UO,TVRXDKXVJSZM,RWT9MGUEW2ZG,440685,03/12/2022
O2PM8XF565FV,P9K76BZ3KJ22,Y1U4HG7T0PPZ,601070,04/12/2022
83LM33A3NKVF,E2J7G7E7O9FT,ZS1757RA4XD9,313404,05/12/2022
2KXKRKLFLMJZ,IHFSQPUFJURT,2HII8FBJJ9EY,441157,06/12/2022
KZ5TERHXP614,EHOTZYB2I15O,OL1F29T24B6A,171508,15/01/2022
VFGVNLFEA9ZD,3UJA0DBJILZ5,NK47FG5F2RH6,280351,16/01/2022
YJ2YJ03QZ5G5,7BLMK4QCDJ4R,3NSY9YEO35FJ,101214,17/01/2022
FR3FRGCX9PF0,FHOBEGYUH6Q7,PDBG94YA6YI5,1627,18/01/2022
G9SH7BEI5OFU,P39K3S9AKBVW,OBKAHQB674TP,137011,19/01/2022
800KCBLCLT63,JGW6LIZS20YL,6X2COMYZO4C5,631854,20/01/2022
VKRCTMQERHCU,0VK2JNN4ZWQ5,CVSRLNHXLNF0,714668,21/01/2022
8P0VPDXQE8NY,2SSUBSI9UKMP,FFEX4SEQYI1L,205300,22/01/2022
CMMRCLTMQE7X,U5DZID2EQC75,BQ4508FJDZFT,704715,23/01/2022
V2S6YATMN6ZM,KZ7TAN2ZZ7AR,CC4RJ2U25WED,256627,24/01/2022
IU6P6BLB6TH2,2S7W3CYXGY1S,CK67700DLZ6C,646254,25/01/2022
YHUWGPG3WQWN,GK2K56BY64ZB,XWA7X6FX2DZH,357760,26/01/2022
07RS6DQXBLKN,YL13VDW33L2E,Q1COU4UPX0FD,30520,27/01/2022
CYGEPOV0VNS6,L110ZPS6G44L,GWGR0U05B9UI,550748,28/01/2022
PXE9H7KVXKZ6,W4LMZDSB8O5T,OLQS4ZZNLR9U,206546,29/01/2022
H207AMJ54TM3,CFT588129J2R,2W2SOCGBIJC9,230470,30/01/2022
XBFEG2CMJ89C,GQQUYGLWQ7QQ,MPRTBN15H1PI,287484,31/01/2022
6XK1H96SSLG0,09G98FRUPMNP,4J0WJMAK5O1L,106202,01/02/2022
XKL7RZQKJ0EU,U84U6XWP7ZNM,JKHA699EQ0W4,470255,02/02/2022
PPDJ9PW4VKXX,1RY522LGPJJ0,3WULQPBJPMIA,608576,03/02/2022
FCNITJ4LT6F9,1HSSY49TTRZN,UO2IWV4ZKPRT,874746,04/02/2022
9865SWHY4WLE,MNZWC2IVGRYJ,AYCYHU5QPGG9,551338,05/02/2022
7O09JSTKROEF,IL2YWLVD07UI,ZRUIE7SD17AC,346145,06/02/2022
QYK9JEBNLRJK,MMW0H65B3W63,FJEH0QSTI1OR,6548,07/02/2022
MDOCN8P3X9A6,SNXMD12WPDZ2,7RZBHYCU88ZA,106680,08/02/2022
9CZN8D6XOVUE,1G90BHAY0IQP,8VES0YFCJN6C,44208,09/02/2022
MRYDC04EGOJP,UBAT2WZTHNMH,2OVKI50B955P,462045,10/02/2022
I93YNX7V8UA0,0NO18C3WPVAH,0ARVC1RIIEAD,378568,15/01/2022
KH24MTA8YNTK,72IS2FIVX4FP,7R0DR44V2KPK,60556,16/01/2022
07WDJ8Q53TON,CARU49NK5MN2,ITBHAR5QIPH2,318003,17/01/2022
QN88K18HO47Q,T0EQGV7NZRK8,BMH2IV4SCIC0,874407,18/01/2022
J3A0G2BIOHFD,3W539BUQDRNF,00H82J6MJQRX,521782,19/01/2022
7PL127TRBMSM,IHWNJ4V7MSGQ,R6OC8KAZJZOZ,217463,20/01/2022
UB8F6O4N7PP1,N5BCU5BWRFUZ,7Y5NGJGU4MVN,408335,21/01/2022
3K16GU1IQYT2,VPB1F5WHOQ8I,WWB6A3B2T20O,212463,22/01/2022
GB5T4RSW31PT,UM6B8DOXG2HY,ED941N6B3IRW,576012,23/01/2022
807IQ17K34UV,5I65YXVTZA4F,WAVVE5SMR1R5,327553,24/01/2022
E67U88236RCT,0JAOS6BK5QE6,53919C5ABWZU,531874,25/01/2022
0JVXIZ8ABL0E,9M4E3A6ZOSJ5,DO50BKMVQVU2,642602,26/01/2022
YXYTAW542UCO,XFAZYMJDMQL9,UJGAXH5SWSTQ,253061,27/01/2022
R35QVI8C1ZRZ,2BYXEEJUJHDR,M5TVIMT2OB2S,215453,28/01/2022
GXE84R0IZMTI,QP7UMW7OCP0B,IP2JXDXV5SGM,562723,29/01/2022
IATER44HJ182,GQNFLPIQ7QF5,Q0J9F237A1QK,558753,30/01/2022
AYCL5MRSCY55,W4PB29DU55TW,XFUQ54AKFM2F,268140,31/01/2022
6KBX5CL23CI0,0DOT37RAJBPE,SRTV07JX3HI7,408006,01/02/2022
7VDE5B0LB0WE,TVRXDKXVJSZM,OQYSJGMCMBZJ,462606,02/02/2022
BQI5ZLCNWIBY,P9K76BZ3KJ22,4M5K8SYAQ3RX,852886,03/02/2022
XHO3X4933HOX,E2J7G7E7O9FT,W63A8KPWLN7Z,268518,04/02/2022
IJ5DZ6GZI6L1,IHFSQPUFJURT,WCEN7QG8CERI,606522,05/02/2022
62SXOOCJC134,EHOTZYB2I15O,V73HSRKE1GCR,373645,06/02/2022
IUXHQY52C89N,3UJA0DBJILZ5,EWU9ITIPVTUR,364844,07/02/2022
EWCPA00PAIDO,7BLMK4QCDJ4R,E02DPG7ONA77,844438,08/02/2022
QEOGPCGEGWIY,FHOBEGYUH6Q7,35XTKLRAQ6NY,560862,09/02/2022
TQQPNKWWLJSJ,P39K3S9AKBVW,HAXMMAS0SV74,738715,10/02/2022
H8ESYJZSOCH1,JGW6LIZS20YL,N8J6KHASJFGF,558344,11/02/2022
P83YGVP03S2E,0VK2JNN4ZWQ5,HIL5EKZ67EKC,216210,12/02/2022
3U9IALJWLLW3,2SSUBSI9UKMP,E0P594AFBNDH,577746,20/01/2022
E69N6MN1IG78,U5DZID2EQC75,3SPTOSNLFWFE,787086,21/01/2022
7KXM3ZWPFWYU,KZ7TAN2ZZ7AR,Z02HF3UMI833,224031,22/01/2022
STRBJO05I0AS,2S7W3CYXGY1S,JFI72PMNH2W7,784473,23/01/2022
YIBHOGPSMDC7,GK2K56BY64ZB,VTOQDVFVW65Y,562540,24/01/2022
UX8EK2X86KUP,YL13VDW33L2E,2JN4G602ZYF4,503544,25/01/2022
A0IEYELZT1XI,L110ZPS6G44L,AHCXLUPVJYWI,288115,26/01/2022
ZP14IYAW9KDC,W4LMZDSB8O5T,YQI8UV9ZTRZV,325404,27/01/2022
ZX6Q2FJODWL5,CFT588129J2R,U0UJ95O0MMX0,366601,28/01/2022
JHPREISMFSQB,GQQUYGLWQ7QQ,XTI90SNKVLQH,301521,29/01/2022
WQS96MJ0HUKR,09G98FRUPMNP,07EGQIWAGW80,437818,30/01/2022
72UO3FLNGOX6,U84U6XWP7ZNM,JHFGFBTWD390,737844,31/01/2022
3FLZK16LTA1S,1RY522LGPJJ0,B0B4AVWXKP5I,582887,01/02/2022
CYZD63Y5W74E,1HSSY49TTRZN,14QTIT6LF9MJ,151184,02/02/2022
GWKK5CAWXH4X,MNZWC2IVGRYJ,AEIR571TQU0H,856253,03/02/2022
M8AR8G4LSN2F,IL2YWLVD07UI,S39Q0W3OIJTY,672863,04/02/2022
ZFI50OB44RUJ,MMW0H65B3W63,NPP2DNH7162M,171428,05/02/2022
41Z51IR5NKNX,SNXMD12WPDZ2,9NZQ7OUFMQ2X,3307,06/02/2022
8S8OYLCL1WBC,1G90BHAY0IQP,NVVUL1OFLQ4C,302313,07/02/2022
P7KE54EAPLU5,UBAT2WZTHNMH,WYQ77E4BGLH9,440771,08/02/2022
6ZO9P9XGKK1V,0NO18C3WPVAH,MB0LHL53RRUD,657785,09/02/2022
EWDNITHCFLTU,72IS2FIVX4FP,JNHCK3NAP7K5,354206,10/02/2022
Q9UBANSTIE6J,CARU49NK5MN2,S7C4FFJB2VN8,133577,11/02/2022
DMBUF2THL28W,T0EQGV7NZRK8,57XW1Y9KHD36,653081,12/02/2022
53J86YV64LNP,3W539BUQDRNF,PBBCQT06X8L3,212661,25/02/2023
TY0OB4Z76IRB,IHWNJ4V7MSGQ,WVB7JSFMG3V5,165474,26/02/2023
7HQLNC2ASNT0,N5BCU5BWRFUZ,99Q99XZSDPX8,11687,27/02/2023
38ZP8ZHE1V8U,VPB1F5WHOQ8I,QICRXAC8VPO0,668312,28/02/2023
YLYIAVP01ZTK,UM6B8DOXG2HY,BNK92RWGVP69,765433,01/03/2023
1TIWX1N08F3G,5I65YXVTZA4F,7GN7CRQIYO3B,240001,02/03/2023
SFLPP4HFMWXL,0JAOS6BK5QE6,8V7APAZ1IJW9,424825,03/03/2023
KHZH856T1P6H,9M4E3A6ZOSJ5,XIQNTNLDNIEN,677325,04/03/2023
JEMJLA3K7DJG,XFAZYMJDMQL9,WP5TDY3OIWNH,574340,05/03/2023
3FQA1OCD47YO,2BYXEEJUJHDR,PPHCTSPMG6PX,128338,06/03/2023
OS50K5HY0R8D,QP7UMW7OCP0B,73Y54JNYF14J,571130,07/03/2023
8XQRZJ1Z48GW,GQNFLPIQ7QF5,AED3RV2760T9,47346,08/03/2023
AY6SJ2LV83LA,W4PB29DU55TW,SVKYAHZD7ZJ1,548555,09/03/2023
0I44X4HB9XCB,0DOT37RAJBPE,TP06AUP2Z6HO,284364,10/03/2023
J0E2GPUC8ZJY,TVRXDKXVJSZM,MPMEDSMLGXDT,885002,11/03/2023
1MMCNNYBEZL0,P9K76BZ3KJ22,9MV0TGTA5U5S,68363,12/03/2023
ESJ8APLMIB89,E2J7G7E7O9FT,CB2X8XJQVN4I,718202,13/03/2023
6OSALA0DHMJF,IHFSQPUFJURT,GUL2W68ASOIG,422064,14/03/2023
1QHSZOGIXVQU,EHOTZYB2I15O,AMWGLM63BWII,688767,15/01/2022
6AGBCDP6Y8CW,3UJA0DBJILZ5,8PY7GGY7XI2M,654052,16/01/2022
O85LE2WVBIO2,7BLMK4QCDJ4R,QV93ZUDZCLRH,423158,17/01/2022
756834RFQPKM,FHOBEGYUH6Q7,NBP58E809S4P,435526,18/01/2022
N0NDDCN2B7XL,P39K3S9AKBVW,JQ106MGXM9J5,853503,19/01/2022
EBEDCN3ZXV9I,JGW6LIZS20YL,W9U4XF6K87GA,110826,20/01/2022
HYDXWXC1ZDGR,0VK2JNN4ZWQ5,X088T5LXXDCG,423711,21/01/2022
MHDGCKNH5EIZ,2SSUBSI9UKMP,9REVLA9JTPWO,754601,22/01/2022
QGCAZQ1X7CBN,U5DZID2EQC75,3C9E8J0U8JMD,483322,23/01/2022
W5S2LTDI4QVU,KZ7TAN2ZZ7AR,XFDMC4I7J4WZ,730422,24/01/2022
7PNK41BVWPFN,2S7W3CYXGY1S,8A2E03PSS6W8,775827,25/01/2022
373HRV83NF7M,GK2K56BY64ZB,UO0E0TT5DXB9,23184,26/01/2022
V56BTA1I26NQ,YL13VDW33L2E,7FVJH9V4TZSO,677830,27/01/2022
2AYMQJHTRFTG,L110ZPS6G44L,H8ILKYU37WRP,188503,28/01/2022
E3AVW4XSGZOL,W4LMZDSB8O5T,L1SBWML6NCLZ,27823,29/01/2022
1DD2KXLQJB9Q,CFT588129J2R,5GUCQ72CN6H5,442674,30/01/2022
GFTSRKSYHC38,GQQUYGLWQ7QQ,9CYZABRIEYOE,328106,31/01/2022
OPUDS15R5LFD,09G98FRUPMNP,F44G6LYPXS3Y,438841,01/02/2022
XLC6OP2MMVHF,U84U6XWP7ZNM,90Z3PALE33B7,615284,02/02/2022
TV5Z9AS9YQZW,1RY522LGPJJ0,W56AL941FTTL,525823,03/02/2022
G89HLHG2UWY7,1HSSY49TTRZN,SJGOWHWIQK46,517227,04/02/2022
OHUTMWL8JVHG,MNZWC2IVGRYJ,D4V7KQQT3QUX,223887,05/02/2022
HNVKDQWI3YWP,IL2YWLVD07UI,2S4UK2MPA2EK,170565,06/02/2022
96PKTNTDQBHF,MMW0H65B3W63,1ZFCFYIE8J5M,455525,07/02/2022
KE5N4CI7ISFI,SNXMD12WPDZ2,FNEREBQX16SZ,846141,08/02/2022
Z7POI1AYRNCH,1G90BHAY0IQP,RB5DZD8WH9TV,14754,09/02/2022
WJGP84WWTHP1,UBAT2WZTHNMH,FZD79VQ95KWO,823443,10/02/2022
C0LQ3MR7B08P,0NO18C3WPVAH,PT0OEHWKWFQP,760473,11/02/2022
JGLBEA1DAD9W,72IS2FIVX4FP,UBOPVZRRCV9Q,411143,12/02/2022
EDKWD21ZH87O,CARU49NK5MN2,N1ZV5IOQZ0B2,41704,13/04/2023
WIT7R8ZT9UFM,T0EQGV7NZRK8,84HQ4NCU047X,572347,14/04/2023
BJMPCB21UYA4,3W539BUQDRNF,MNFE98O5BV5D,140523,15/04/2023
C9D1E6YIXSWE,IHWNJ4V7MSGQ,S8X82CKZXP8N,602140,16/04/2023
L0H4SRM24RSU,N5BCU5BWRFUZ,AM8C83TQ70VB,572411,17/04/2023
K1MYN1PMZYQ4,VPB1F5WHOQ8I,ZMCBY2TUXPGQ,253685,18/04/2023
6JI76N3PIUCC,UM6B8DOXG2HY,Z3WH29V9BKVQ,788555,19/04/2023
LAE1CO0AOTSM,5I65YXVTZA4F,400RPGYUWTSE,234060,20/04/2023
0R3L156C7Y0L,0JAOS6BK5QE6,QF9UVOBZ0MSF,784666,21/04/2023
BIVM3RRC5AVN,9M4E3A6ZOSJ5,NWJR0OQ33F9U,438500,22/04/2023
VNA44V5GJSRZ,XFAZYMJDMQL9,L224J8Z42YTY,504836,15/01/2022
9VMQYYD1X5H6,2BYXEEJUJHDR,OT6N8GCDFFA8,801546,16/01/2022
4U86TA5031Y5,QP7UMW7OCP0B,AURTAZKHIGK2,777425,17/01/2022
8F5PHOUGEO30,GQNFLPIQ7QF5,6O3RL6JL3ANV,163543,18/01/2022
UBLMCOS8X5QW,W4PB29DU55TW,0WX4QZHJXRJC,577245,19/01/2022
6JONGNSWR0X7,0DOT37RAJBPE,C2KB4B8AISBF,236028,20/01/2022
8TFBJZ8E752F,TVRXDKXVJSZM,3QYQ3IYH3ZLY,115173,21/01/2022
R5RZX7I8U9PR,P9K76BZ3KJ22,W7UG54L9PJ05,275363,22/01/2022
JLDJQN32IJXM,E2J7G7E7O9FT,S6QS1T0355RL,542356,23/01/2022
WL7OOEZZZQ0O,IHFSQPUFJURT,ABNNZ76QH62X,780507,24/01/2022
1380DQFUGJSE,EHOTZYB2I15O,Y8AL4F9W7NIJ,478211,25/01/2022
5A6J0LX8XSP5,3UJA0DBJILZ5,H8L5OFW23ODH,65834,26/01/2022
NI9YBIG8BNNU,7BLMK4QCDJ4R,V83RBNXY6DYV,242608,27/01/2022
XHSCQ3S49PB5,FHOBEGYUH6Q7,F2RUE8UUNKNA,244674,28/01/2022
EFW92MK2D1SJ,P39K3S9AKBVW,00T9706EPS82,805625,29/01/2022
7ZZIHDZ5TUH5,JGW6LIZS20YL,32VX2FA352QH,820870,30/01/2022
8BSM5TOK9B5Z,0VK2JNN4ZWQ5,FFS1LRVSTCGF,266011,31/01/2022
AL71DAWVFYO2,2SSUBSI9UKMP,8P6ZZTSFVG1P,742654,01/02/2022
9ZBUWQOIY9J1,U5DZID2EQC75,67Y3N4NSOZ06,666834,02/02/2022
V2U7CXWV6R0I,KZ7TAN2ZZ7AR,8GNUCAQAMD5V,428057,03/02/2022
O2C2V3P5IDOJ,2S7W3CYXGY1S,IHM4KLOK7A6Y,176500,04/02/2022
U16310MHEWDT,GK2K56BY64ZB,V9ND54AHI0TA,55501,05/02/2022
WXRBSIVWCHHL,YL13VDW33L2E,FPZM9U1937FI,310633,06/02/2022
SPAIGPFC8P2E,L110ZPS6G44L,5TR4AEE9DKI2,837418,07/02/2022
CNGGM1GEYEPV,W4LMZDSB8O5T,Q0T40XC0JFDR,640876,08/02/2022
C0WSSA381E6V,CFT588129J2R,KK4BPKKXPUJ2,250450,09/02/2022
P9BKUYJ9IOS2,GQQUYGLWQ7QQ,4941SQEMNMHS,70723,10/02/2022
S22PL6JZB616,09G98FRUPMNP,L2TFK1K93P9S,665034,11/02/2022
EDPZEZUX2FK8,FC8AVVF4OS5X,FC8AVVF4OS5X,807087,12/02/2022
CFW6NSUK3NWK,0K46RCAUPR7N,0K46RCAUPR7N,204281,22/05/2023
JHZ9DNMD4MT8,RS0QTRDH0FB3,RS0QTRDH0FB3,268043,23/05/2023
1K21J58IIVAY,I2C4HD03RUJ4,I2C4HD03RUJ4,270311,24/05/2023
RNR63DXILL5D,PQS5VR2XCYSW,PQS5VR2XCYSW,380317,25/05/2023
PI7EOWUMQHHS,DONBMZVYJNNN,DONBMZVYJNNN,741316,26/05/2023
SOABK3YLBU1G,5IBLJBREVZT4,5IBLJBREVZT4,412710,27/05/2023
Z84DHY4GW6U4,B2HZZXRCIVVE,B2HZZXRCIVVE,567206,28/05/2023
